<?xml version="1.0" encoding="utf-8"?><feed xmlns="http://www.w3.org/2005/Atom" ><generator uri="https://jekyllrb.com/" version="3.8.1">Jekyll</generator><link href="/feed.xml" rel="self" type="application/atom+xml" /><link href="/" rel="alternate" type="text/html" /><updated>2018-05-21T22:20:30-04:00</updated><id>/</id><title type="html">Scott Was Here.</title><author><name>Scott</name></author><entry><title type="html">Jack And Stormy - Episode 1: Tummy Rumbles</title><link href="/comics/Jack-And-Stormy-Redux.html" rel="alternate" type="text/html" title="Jack And Stormy - Episode 1: Tummy Rumbles" /><published>2018-05-19T00:00:00-04:00</published><updated>2018-05-19T00:00:00-04:00</updated><id>/comics/Jack-And-Stormy-Redux</id><content type="html" xml:base="/comics/Jack-And-Stormy-Redux.html">&lt;p&gt;&lt;img src=&quot;/comics/TummyRumblez/TummyRumblez.png&quot; alt=&quot;A mystery for the ages.&quot; /&gt;&lt;br /&gt;&lt;br /&gt;&lt;/p&gt;
&lt;div&gt;
&lt;p&gt;
I should try to remember to write something here. I likely will not.
&lt;/p&gt;
&lt;/div&gt;</content><author><name>Scott</name></author><summary type="html">I should try to remember to write something here. I likely will not.</summary></entry><entry><title type="html">Jekyll Serve</title><link href="/blog/jekyll-serve.html" rel="alternate" type="text/html" title="Jekyll Serve" /><published>2018-05-19T00:00:00-04:00</published><updated>2018-05-19T00:00:00-04:00</updated><id>/blog/jekyll-serve</id><content type="html" xml:base="/blog/jekyll-serve.html">&lt;p&gt;This is a post. I will be changing this text, in time. &lt;br /&gt;&lt;br /&gt;
but not right now though.&lt;/p&gt;</content><author><name>Scott</name></author><summary type="html">This is a post. I will be changing this text, in time. but not right now though.</summary></entry></feed>